{
  "main": {
    "id": "0e90090d2b6ca3a2",
    "type": "split",
    "children": [
      {
        "id": "b7aa829fc1899ad2",
        "type": "tabs",
        "children": [
          {
            "id": "17d3f078a2f98a3b",
            "type": "leaf",
            "state": {
              "type": "markdown",
              "state": {
                "file": "Meneer van Woord/Verhalen/De babyfoon.md",
                "mode": "source",
                "source": false
              }
            }
          }
        ]
      }
    ],
    "direction": "vertical"
  },
  "left": {
    "id": "f91285a1940f71d6",
    "type": "split",
    "children": [
      {
        "id": "b37921691cd62d96",
        "type": "tabs",
        "children": [
          {
            "id": "f168f3e6743d8b5b",
            "type": "leaf",
            "state": {
              "type": "file-explorer",
              "state": {
                "sortOrder": "alphabetical"
              }
            }
          },
          {
            "id": "ad8b56ec4582bffc",
            "type": "leaf",
            "state": {
              "type": "search",
              "state": {
                "query": "",
                "matchingCase": false,
                "explainSearch": false,
                "collapseAll": false,
                "extraContext": false,
                "sortOrder": "alphabetical"
              }
            }
          },
          {
            "id": "2f19255f5d63992c",
            "type": "leaf",
            "state": {
              "type": "starred",
              "state": {}
            }
          }
        ]
      }
    ],
    "direction": "horizontal",
    "width": 217.5
  },
  "right": {
    "id": "37fc81308b2b80e6",
    "type": "split",
    "children": [
      {
        "id": "49220b5df5e160de",
        "type": "tabs",
        "children": [
          {
            "id": "0f29c153b0f766d6",
            "type": "leaf",
            "state": {
              "type": "backlink",
              "state": {
                "file": "Meneer van Woord/Verhalen/De babyfoon.md",
                "collapseAll": false,
                "extraContext": false,
                "sortOrder": "alphabetical",
                "showSearch": false,
                "searchQuery": "",
                "backlinkCollapsed": false,
                "unlinkedCollapsed": true
              }
            }
          },
          {
            "id": "7a14a4ff059d9921",
            "type": "leaf",
            "state": {
              "type": "outgoing-link",
              "state": {
                "file": "Meneer van Woord/Verhalen/De babyfoon.md",
                "linksCollapsed": false,
                "unlinkedCollapsed": true
              }
            }
          },
          {
            "id": "dcf9b39523bf8b53",
            "type": "leaf",
            "state": {
              "type": "tag",
              "state": {
                "sortOrder": "frequency",
                "useHierarchy": true
              }
            }
          },
          {
            "id": "175b603f59975817",
            "type": "leaf",
            "state": {
              "type": "outline",
              "state": {
                "file": "Meneer van Woord/Verhalen/De babyfoon.md"
              }
            }
          }
        ]
      }
    ],
    "direction": "horizontal",
    "width": 300,
    "collapsed": true
  },
  "left-ribbon": {
    "hiddenItems": {
      "obsidian-markbase:Sync all Markbase projects": false,
      "switcher:Open snel wisselen": false,
      "graph:Open grafiek weergave": false,
      "canvas:Create new canvas": false,
      "daily-notes:Open de notitie van vandaag": false,
      "templates:Sjabloon invoegen": false,
      "command-palette:Open opdrachtenpaneel": false,
      "digitalgarden:Digital Garden Publication Center": false,
      "obsidian-excalidraw-plugin:Create new drawing": false
    }
  },
  "active": "17d3f078a2f98a3b",
  "lastOpenFiles": [
    "Meneer van Woord/Verhalen/David en Goliath.md",
    "Meneer van Woord/Verhalen/Bloedvlekken.md",
    "Meneer van Woord/Verhalen/Anansi rijdt op Tijger.md",
    "Meneer van Woord/Verhalen/Adam Flux en de Zwarte Magier 1.md",
    "Meneer van Woord/Verteller/Meneer van Woord.md",
    "Bijlagen/Drawing 2023-03-20 13.22.23.excalidraw.md",
    "Vertelvoorstellingen/Vertelvoorstelling vormgeven.md",
    "Bijlagen",
    "Nieuwe map",
    "Vertelvoorstellingen",
    "Verteller",
    "Drawing 2023-03-20 13.22.23.excalidraw.md",
    "Verteller/Meneer van Woord.md",
    "Vertelvoorstellingen/Meisjesnamen.md"
  ]
}